City_ID,City,Country,Date,Lat,Lng,Max Temp,Humidity,Cloudiness,Wind Speed
0,Qaanaaq,GL,2021-03-29 01:25:09,77.484,-69.3632,-20.7,74,74,5.44
1,Kysyl-Syr,RU,2021-03-29 01:34:58,63.8986,122.7617,25.61,91,87,4.03
2,Cururupu,BR,2021-03-29 01:32:00,-1.8283,-44.8683,73.63,97,84,2.98
3,Ushuaia,AR,2021-03-29 01:34:26,-54.8,-68.3,42.8,75,0,9.22
4,Altamira,BR,2021-03-29 01:34:58,-3.2033,-52.2064,72.01,97,98,2.33
5,Jijiang,CN,2021-03-29 01:34:58,29.2906,106.2542,69.8,60,0,2.24
6,Necochea,AR,2021-03-29 01:34:59,-38.5473,-58.7368,55.99,96,7,7.87
7,Rabo De Peixe,PT,2021-03-29 01:34:44,37.8,-25.5833,59.0,82,75,10.36
8,Kapaa,US,2021-03-29 01:34:24,22.0752,-159.319,75.2,73,20,17.27
9,Rikitea,PF,2021-03-29 01:34:22,-23.1203,-134.9692,79.75,71,1,15.05
10,Tasiilaq,GL,2021-03-29 01:30:29,65.6145,-37.6368,15.8,53,93,5.75
11,Mountain Home,US,2021-03-29 01:33:57,43.133,-115.6912,75.2,9,1,19.57
12,Hithadhoo,MV,2021-03-29 01:31:24,-0.6,73.0833,81.73,73,100,29.89
13,Thompson,CA,2021-03-29 01:30:12,55.7435,-97.8558,23.0,93,90,6.91
14,Vardo,NO,2021-03-29 01:35:00,70.3705,31.1107,33.22,88,66,15.93
15,Warrington,GB,2021-03-29 01:30:00,53.3925,-2.5802,57.2,77,100,26.46
16,Chicama,PE,2021-03-29 01:32:02,-7.8447,-79.1469,72.54,73,46,5.48
17,Viedma,AR,2021-03-29 01:33:43,-40.8135,-62.9967,60.91,42,92,6.4
18,Zorritos,PE,2021-03-29 01:35:00,-3.6805,-80.6782,74.89,77,98,3.98
19,Mataura,NZ,2021-03-29 01:34:22,-46.1927,168.8643,60.01,91,22,10.0
20,Aksarka,RU,2021-03-29 01:29:34,66.5606,67.7975,-21.12,100,84,2.17
21,Oyama,JP,2021-03-29 01:35:01,36.3,139.8,68.0,68,75,5.75
22,Salalah,OM,2021-03-29 01:35:01,17.0151,54.0924,73.4,49,0,3.44
23,Warrnambool,AU,2021-03-29 01:35:01,-38.3833,142.4833,66.0,66,13,8.28
24,Butaritari,KI,2021-03-29 01:34:42,3.0707,172.7902,81.32,79,49,15.01
25,Mahon,ES,2021-03-29 01:31:23,39.8885,4.2658,51.8,93,0,6.91
26,Iskilip,TR,2021-03-29 01:35:04,40.7353,34.4739,39.27,68,38,1.25
27,Esperance,AU,2021-03-29 01:34:43,-33.8667,121.9,86.0,28,0,14.97
28,East London,ZA,2021-03-29 01:34:41,-33.0153,27.9116,64.38,78,100,13.24
29,Hermanus,ZA,2021-03-29 01:30:15,-34.4187,19.2345,63.0,82,100,1.99
30,Tocopilla,CL,2021-03-29 01:30:14,-22.092,-70.1979,68.04,70,2,3.4
31,Longyearbyen,SJ,2021-03-29 01:25:40,78.2186,15.6401,28.4,74,20,4.18
32,Cape Town,ZA,2021-03-29 01:34:23,-33.9258,18.4232,66.0,82,0,4.61
33,Husavik,IS,2021-03-29 01:21:41,66.0449,-17.3389,32.0,69,90,21.85
34,Baculin,PH,2021-03-29 01:35:05,7.4525,126.5842,85.86,65,44,10.63
35,Kavieng,PG,2021-03-29 01:35:05,-2.5744,150.7967,86.23,63,77,14.34
36,Pevek,RU,2021-03-29 01:34:42,69.7008,170.3133,-7.29,93,85,6.53
37,Vestmannaeyjar,IS,2021-03-29 01:35:06,63.4427,-20.2734,32.56,71,100,20.65
38,Camacha,PT,2021-03-29 01:34:16,33.0833,-16.3333,62.6,82,40,8.05
39,Lompoc,US,2021-03-29 01:31:42,34.6391,-120.4579,57.2,82,0,12.66
40,Tonantins,BR,2021-03-29 01:35:06,-2.8731,-67.8022,73.36,96,50,1.19
41,Torbay,CA,2021-03-29 01:25:12,47.6666,-52.7314,23.0,80,90,8.05
42,Bluff,NZ,2021-03-29 01:34:31,-46.6,168.3333,60.01,91,20,10.0
43,Bredasdorp,ZA,2021-03-29 01:34:12,-34.5322,20.0403,60.8,88,100,11.5
44,Antsohihy,MG,2021-03-29 01:35:07,-14.8796,47.9875,73.35,97,10,1.9
45,Faanui,PF,2021-03-29 01:30:55,-16.4833,-151.75,82.74,72,28,21.27
46,Longyan,CN,2021-03-29 01:35:07,25.1072,117.0225,82.0,57,14,4.81
47,Muisne,EC,2021-03-29 01:35:08,0.6,-80.0333,76.3,86,63,1.3
48,Arraial Do Cabo,BR,2021-03-29 01:34:37,-22.9661,-42.0278,77.29,89,14,9.53
49,Ancud,CL,2021-03-29 01:31:15,-41.8697,-73.8203,59.0,83,18,4.0
50,Toropets,RU,2021-03-29 01:35:08,56.4978,31.6353,34.77,97,100,5.21
51,Mega,ET,2021-03-29 01:35:08,4.05,38.3,61.18,66,89,4.38
52,Hobart,AU,2021-03-29 01:32:11,-42.8794,147.3294,60.01,44,75,14.97
53,Ko Samui,TH,2021-03-29 01:35:09,9.5357,99.9357,86.0,74,20,5.75
54,Penzance,GB,2021-03-29 01:35:09,50.1186,-5.5371,50.0,87,90,24.16
55,Punta Arenas,CL,2021-03-29 01:34:29,-53.15,-70.9167,41.0,75,0,4.61
56,Puerto Ayora,EC,2021-03-29 01:34:33,-0.7393,-90.3518,78.01,92,26,3.0
57,Hilo,US,2021-03-29 01:33:52,19.7297,-155.09,75.2,69,90,10.36
58,Port Macquarie,AU,2021-03-29 01:30:37,-31.4333,152.9167,75.0,64,13,1.01
59,Male,MV,2021-03-29 01:23:21,4.1748,73.5089,82.4,83,75,9.22
60,Porto Velho,BR,2021-03-29 01:32:41,-8.7619,-63.9039,78.8,94,75,3.44
61,Upernavik,GL,2021-03-29 01:30:53,72.7868,-56.1549,-24.18,75,17,4.7
62,Zhezkazgan,KZ,2021-03-29 01:35:10,47.8043,67.7144,19.92,80,95,7.56
63,Dafeng,CN,2021-03-29 01:35:10,23.4517,108.5881,75.96,81,100,7.78
64,San Jose De Guanipa,VE,2021-03-29 01:35:10,8.8872,-64.1651,79.05,65,67,14.29
65,Jamestown,US,2021-03-29 01:30:08,42.097,-79.2353,37.0,93,90,21.09
66,Chokurdakh,RU,2021-03-29 01:34:28,70.6333,147.9167,1.62,93,97,4.9
67,Katsuura,JP,2021-03-29 01:31:34,35.1333,140.3,64.99,94,75,3.44
68,Casian,PH,2021-03-29 01:35:11,11.035,119.7136,82.44,72,88,8.79
69,Atuona,PF,2021-03-29 01:34:06,-9.8,-139.0333,80.96,75,71,15.77
70,Tazovskiy,RU,2021-03-29 01:35:11,67.4667,78.7,-13.88,98,33,8.66
71,Hualmay,PE,2021-03-29 01:35:12,-11.0964,-77.6139,69.76,82,73,6.62
72,Saskylakh,RU,2021-03-29 01:34:34,71.9167,114.0833,2.12,94,100,5.21
73,Martin,US,2021-03-29 01:32:08,27.0837,-80.4164,80.01,73,40,5.75
74,Abha,SA,2021-03-29 01:35:12,18.2164,42.5053,59.0,54,2,5.75
75,Vila Franca Do Campo,PT,2021-03-29 01:35:12,37.7167,-25.4333,59.0,82,75,10.36
76,Albany,US,2021-03-29 01:30:05,42.6001,-73.9662,52.0,73,100,12.19
77,Chuy,UY,2021-03-29 01:35:13,-33.6971,-53.4616,62.31,93,2,5.21
78,Nishiwaki,JP,2021-03-29 01:35:13,34.9833,134.9667,62.6,77,75,10.36
79,Ossora,RU,2021-03-29 01:24:39,59.2353,163.0719,17.73,63,36,3.4
80,Jardim De Piranhas,BR,2021-03-29 01:35:13,-6.3786,-37.3519,75.65,88,99,4.92
81,Victoria,HK,2021-03-29 01:34:28,22.2855,114.1577,79.0,86,21,1.01
82,Tual,ID,2021-03-29 01:35:14,-5.6667,132.75,78.17,90,100,8.08
83,Inhambane,MZ,2021-03-29 01:25:44,-23.865,35.3833,72.07,78,7,13.18
84,Biloela,AU,2021-03-29 01:22:32,-24.4167,150.5,83.59,39,100,3.38
85,Neiafu,TO,2021-03-29 01:35:14,-18.65,-173.9833,84.2,74,20,12.66
86,Huron,US,2021-03-29 01:35:14,41.1501,-82.5499,37.99,83,100,7.0
87,Vaini,TO,2021-03-29 01:35:15,-21.2,-175.2,84.2,79,20,11.5
88,Moron,AR,2021-03-29 01:35:15,-34.6534,-58.6198,70.0,100,40,2.3
89,Bardiyah,LY,2021-03-29 01:35:15,31.7561,25.0865,55.36,66,4,9.33
90,Matara,LK,2021-03-29 01:35:16,5.9485,80.5353,77.36,78,30,3.91
91,Busselton,AU,2021-03-29 01:33:02,-33.65,115.3333,79.66,32,49,2.75
92,Oussouye,SN,2021-03-29 01:35:16,12.485,-16.5469,73.4,88,0,11.5
93,Ponta Do Sol,PT,2021-03-29 01:34:45,32.6667,-17.1,64.4,68,20,11.5
94,Gumdag,TM,2021-03-29 01:35:16,39.2061,54.5906,42.6,75,0,3.38
95,Dunedin,NZ,2021-03-29 01:33:58,-45.8742,170.5036,64.0,71,17,14.0
96,Port Lincoln,AU,2021-03-29 01:35:17,-34.7333,135.8667,68.32,65,4,9.66
97,Sika,GM,2021-03-29 01:35:17,13.3546,-16.345,68.0,77,0,10.36
98,San Rafael,AR,2021-03-29 01:32:13,-34.6177,-68.3301,62.65,40,0,6.62
99,San Marcos,US,2021-03-29 01:35:12,33.1434,-117.1661,73.99,43,1,3.44
100,Quatre Cocos,MU,2021-03-29 01:27:52,-20.2078,57.7625,75.99,88,20,5.75
101,Ekhabi,RU,2021-03-29 01:35:17,53.5102,142.9671,30.94,90,100,12.84
102,Bambous Virieux,MU,2021-03-29 01:34:52,-20.3428,57.7575,75.99,88,20,5.75
103,Severo-Kurilsk,RU,2021-03-29 01:25:34,50.6789,156.125,30.97,72,2,6.35
104,Palmer,US,2021-03-29 01:22:36,42.1584,-72.3287,53.01,100,90,8.05
105,Kodiak,US,2021-03-29 01:34:36,57.79,-152.4072,44.6,57,1,11.5
106,Santana,BR,2021-03-29 01:35:18,-0.0583,-51.1817,82.4,100,75,3.44
107,Clyde River,CA,2021-03-29 01:25:50,70.4692,-68.5914,-5.8,84,90,3.44
108,Nikolskoye,RU,2021-03-29 01:34:32,59.7035,30.7861,39.2,87,0,4.47
109,Saldanha,ZA,2021-03-29 01:35:19,-33.0117,17.9442,64.4,59,100,3.44
110,Wakkanai,JP,2021-03-29 01:35:19,45.4094,141.6739,39.2,100,75,2.3
111,Mwaro,BI,2021-03-29 01:35:19,-3.5,29.6667,57.09,92,100,0.74
112,Meulaboh,ID,2021-03-29 01:30:38,4.1363,96.1285,79.79,79,94,5.7
113,La Asuncion,VE,2021-03-29 01:32:04,11.0333,-63.8628,76.35,86,9,14.18
114,College,US,2021-03-29 01:35:19,64.8569,-147.8028,19.99,42,90,5.75
115,Bongandanga,CD,2021-03-29 01:35:20,1.5,21.05,72.73,71,6,1.05
116,Mahebourg,MU,2021-03-29 01:34:24,-20.4081,57.7,73.4,88,20,5.75
117,Flin Flon,CA,2021-03-29 01:30:12,54.7682,-101.865,29.16,92,100,10.11
118,Copiapo,CL,2021-03-29 01:35:20,-27.3667,-70.3333,59.0,77,90,9.22
119,Saint George,US,2021-03-29 01:31:01,37.1041,-113.5841,73.99,17,1,9.22
120,Kinlochleven,GB,2021-03-29 01:35:21,56.7115,-4.9661,51.01,97,100,4.0
121,Nyaunglebin,MM,2021-03-29 01:35:21,17.95,96.7333,87.49,46,6,7.83
122,Port Elizabeth,ZA,2021-03-29 01:35:21,-33.918,25.5701,64.4,77,0,17.27
123,Gigmoto,PH,2021-03-29 01:35:21,13.7796,124.39,83.5,73,100,8.21
124,Vao,NC,2021-03-29 01:25:32,-22.6667,167.4833,77.7,80,18,13.09
125,Three Hills,CA,2021-03-29 01:35:22,51.7001,-113.2686,51.8,32,100,20.71
126,Rio Gallegos,AR,2021-03-29 01:29:42,-51.6226,-69.2181,48.2,61,0,5.75
127,Piacabucu,BR,2021-03-29 01:30:28,-10.4056,-36.4344,77.76,83,87,7.63
128,Mackay,AU,2021-03-29 01:32:55,-21.15,149.2,86.0,58,40,14.97
129,Comodoro Rivadavia,AR,2021-03-29 01:29:49,-45.8667,-67.5,55.4,82,0,3.44
130,Cabo San Lucas,MX,2021-03-29 01:33:48,22.8909,-109.9124,73.4,40,75,11.5
131,Saint-Philippe,RE,2021-03-29 01:34:39,-21.3585,55.7679,77.0,73,0,8.05
132,Barrow,US,2021-03-29 01:34:30,71.2906,-156.7887,-11.2,64,1,16.11
133,Bar Harbor,US,2021-03-29 01:35:23,44.3876,-68.2039,45.0,87,90,3.44
134,Hasaki,JP,2021-03-29 01:35:23,35.7333,140.8333,66.0,88,75,3.44
135,Kavaratti,IN,2021-03-29 01:35:23,10.5669,72.642,83.3,71,100,3.31
136,Georgetown,MY,2021-03-29 01:35:24,5.4112,100.3354,82.4,89,20,3.44
137,Mar Del Plata,AR,2021-03-29 01:35:24,-38.0023,-57.5575,64.99,88,20,8.05
138,San Patricio,US,2021-03-29 01:35:24,28.017,-97.5169,60.8,63,40,5.75
139,Tuktoyaktuk,CA,2021-03-29 01:34:24,69.4541,-133.0374,-13.0,84,40,9.22
140,Portland,US,2021-03-29 01:22:52,45.5234,-122.6762,45.0,76,75,18.41
141,Norman Wells,CA,2021-03-29 01:35:25,65.282,-126.8329,-0.4,50,40,18.41
142,Spencer,US,2021-03-29 01:35:25,43.1414,-95.1444,44.6,57,1,10.36
143,Bethel,US,2021-03-29 01:34:39,41.3712,-73.414,55.0,91,100,5.99
144,Riyadh,SA,2021-03-29 01:35:25,24.6877,46.7219,60.8,23,0,5.75
145,Cidreira,BR,2021-03-29 01:35:26,-30.1811,-50.2056,71.56,85,3,5.26
146,Bubaque,GW,2021-03-29 01:35:26,11.2833,-15.8333,75.52,73,0,13.18
147,Talnakh,RU,2021-03-29 01:34:38,69.4865,88.3972,-8.81,98,97,6.42
148,Fengzhen,CN,2021-03-29 01:35:26,40.4394,113.1536,39.09,20,100,1.1
149,Komsomolskiy,UZ,2021-03-29 01:27:54,40.4272,71.7189,48.2,57,100,34.52
150,Gangawati,IN,2021-03-29 01:33:04,15.4333,76.5333,80.73,67,99,6.6
151,Jeremie,HT,2021-03-29 01:35:27,18.65,-74.1167,76.44,81,4,3.02
152,Fallon,US,2021-03-29 01:35:27,39.4735,-118.7774,73.4,9,1,12.66
153,Pampa,US,2021-03-29 01:35:27,35.5362,-100.9599,60.8,36,1,11.5
154,Mayo,US,2021-03-29 01:31:41,38.8876,-76.5119,60.8,55,90,12.66
155,Khatanga,RU,2021-03-29 01:34:23,71.9667,102.5,-0.56,94,99,10.47
156,Tucupita,VE,2021-03-29 01:35:28,9.0622,-62.051,71.85,99,34,3.24
157,Bangkalan,ID,2021-03-29 01:35:28,-7.0455,112.7351,82.4,83,20,3.44
158,Zavodouspenskoye,RU,2021-03-29 01:35:28,56.8626,65.0155,24.8,100,20,8.95
159,San Cristobal,VE,2021-03-29 01:21:14,7.7669,-72.225,77.0,83,40,2.3
160,Fairbanks,US,2021-03-29 01:31:51,64.8378,-147.7164,21.99,42,20,5.75
161,French Harbor,HN,2021-03-29 01:35:29,16.35,-86.4333,80.01,89,75,20.71
162,Lokosovo,RU,2021-03-29 01:35:29,61.1333,74.8167,0.45,97,58,6.51
163,Santiago Del Estero,AR,2021-03-29 01:35:29,-27.7951,-64.2615,64.89,57,0,6.69
164,Tarko-Sale,RU,2021-03-29 01:35:30,64.9225,77.785,-4.72,98,76,10.87
165,Stornoway,GB,2021-03-29 01:35:30,58.2093,-6.3865,48.99,93,75,18.41
166,Ouadda,CF,2021-03-29 01:35:30,8.0777,22.4007,74.14,20,4,8.63
167,Port Alfred,ZA,2021-03-29 01:34:23,-33.5906,26.891,65.14,77,100,19.95
168,Vostok,RU,2021-03-29 01:27:07,46.4856,135.8833,35.96,95,100,2.86
169,Ekangala,ZA,2021-03-29 01:35:31,-25.6962,28.7492,59.0,88,6,4.61
170,San Quintin,MX,2021-03-29 01:35:31,30.4833,-115.95,63.5,53,8,9.86
171,Pacific Grove,US,2021-03-29 01:23:20,36.6177,-121.9166,57.99,79,0,5.99
172,Portoferraio,IT,2021-03-29 01:35:31,42.8115,10.3146,51.01,92,0,4.0
173,Asau,RO,2021-03-29 01:35:32,46.4333,26.4,37.0,42,31,5.23
174,Likasi,CD,2021-03-29 01:35:32,-10.9814,26.7333,62.4,98,100,1.9
175,Conde,BR,2021-03-29 01:35:32,-7.2597,-34.9075,77.0,100,40,2.3
176,Cruz,BR,2021-03-29 01:35:32,-2.9178,-40.1717,75.81,87,8,4.41
177,Tandil,AR,2021-03-29 01:35:33,-37.3217,-59.1332,60.01,86,1,7.02
178,Souillac,MU,2021-03-29 01:34:21,-20.5167,57.5167,73.4,88,20,5.75
179,Tiznit,MA,2021-03-29 01:27:03,29.5833,-9.5,62.24,53,56,2.3
180,Ribeira Grande,PT,2021-03-29 01:34:45,38.5167,-28.7,60.46,84,65,24.16
181,Rochelle,FR,2021-03-29 01:35:33,46.25,-1.0,48.2,71,0,10.36
182,Fortuna,US,2021-03-29 01:35:33,40.5982,-124.1573,51.01,87,90,11.5
183,New Haven,US,2021-03-29 01:35:03,41.4001,-72.9329,55.99,94,90,13.02
184,Bengkulu,ID,2021-03-29 01:32:05,-3.8004,102.2655,80.62,80,62,4.65
185,Zielona Gora,PL,2021-03-29 01:35:34,51.9355,15.5064,48.99,41,100,8.59
186,Abu Samrah,SY,2021-03-29 01:35:34,35.3029,37.1841,43.74,70,0,4.7
187,Cherskiy,RU,2021-03-29 01:35:34,68.75,161.3,1.58,83,97,5.55
188,Mareeba,AU,2021-03-29 01:33:44,-17.0,145.4333,88.0,57,100,10.0
189,Tezu,IN,2021-03-29 01:26:51,27.9167,96.1667,77.72,18,0,1.16
190,Japura,ID,2021-03-29 01:35:35,-0.3167,102.35,80.47,84,98,2.1
191,San Vicente,AR,2021-03-29 01:35:35,-26.6167,-54.1333,62.65,98,48,1.7
192,Nassau,US,2021-03-29 01:26:55,40.7507,-73.5829,57.0,94,90,6.91
193,Gogrial,SS,2021-03-29 01:35:28,8.5332,28.1004,78.87,15,0,8.66
194,New Norfolk,AU,2021-03-29 01:35:36,-42.7826,147.0587,60.01,54,100,1.01
195,Nizhniy Kuranakh,RU,2021-03-29 01:35:36,58.8353,125.4869,25.12,92,100,6.15
196,Tubuala,PA,2021-03-29 01:35:36,9.5167,-79.0333,80.6,69,20,2.3
197,Vanavara,RU,2021-03-29 01:34:41,60.34,102.2797,23.45,96,100,3.15
198,North Bend,US,2021-03-29 01:26:30,43.4065,-124.2243,48.0,93,90,28.77
199,Corcoran,US,2021-03-29 01:35:37,36.098,-119.5604,82.4,21,1,6.91
200,Veranopolis,BR,2021-03-29 01:35:37,-28.9361,-51.5494,64.99,99,61,0.56
201,Lasa,IT,2021-03-29 01:25:54,46.6166,10.7002,44.01,60,0,3.44
202,Hobyo,SO,2021-03-29 01:34:50,5.3505,48.5268,79.34,79,100,11.1
203,Fukue,JP,2021-03-29 01:32:51,32.6881,128.8419,64.4,77,75,5.75
204,San Miguel,SV,2021-03-29 01:35:38,13.4833,-88.1833,79.61,50,35,1.86
205,Luchegorsk,RU,2021-03-29 01:35:38,46.4764,134.2569,36.64,97,100,4.14
206,Shimoda,JP,2021-03-29 01:33:07,34.6667,138.95,69.01,77,20,3.44
207,Hongjiang,CN,2021-03-29 01:35:38,27.11,109.9956,80.31,65,86,8.9
208,Yellowknife,CA,2021-03-29 01:31:04,62.456,-114.3525,19.4,53,75,19.57
209,Praya,CV,2021-03-29 01:35:39,14.9215,-23.5087,68.0,73,20,19.57
210,Broome,US,2021-03-29 01:35:39,42.2506,-75.833,46.0,70,75,12.66
211,Srednekolymsk,RU,2021-03-29 01:35:39,67.45,153.6833,6.84,84,99,6.15
212,Ukiah,US,2021-03-29 01:35:40,39.1502,-123.2078,73.4,21,1,10.36
213,Southbridge,US,2021-03-29 01:35:40,42.0751,-72.0334,57.0,99,100,1.99
214,Iquique,CL,2021-03-29 01:31:14,-20.2208,-70.1431,68.0,68,40,11.5
215,Imbituba,BR,2021-03-29 01:35:40,-28.24,-48.6703,77.0,83,40,9.22
216,Namibe,AO,2021-03-29 01:27:08,-15.1961,12.1522,73.33,75,44,4.14
217,Vernon,CA,2021-03-29 01:35:41,50.2581,-119.2691,48.2,37,100,12.66
218,Chor,PK,2021-03-29 01:35:41,25.5167,69.7667,76.05,57,2,14.72
219,Derzhavinsk,KZ,2021-03-29 01:35:41,51.1,66.3167,14.09,94,15,9.31
220,Dillon,US,2021-03-29 01:35:41,34.4166,-79.3712,68.0,82,40,12.66
221,Bilma,NE,2021-03-29 01:32:53,18.6853,12.9164,68.02,16,0,8.59
222,Dikson,RU,2021-03-29 01:33:56,73.5069,80.5464,-26.95,99,98,7.43
223,Fairview,US,2021-03-29 01:33:33,40.8126,-73.999,57.99,82,90,6.91
224,Kyshtovka,RU,2021-03-29 01:35:42,56.555,76.6271,27.97,97,100,6.78
225,Coihaique,CL,2021-03-29 01:35:42,-45.5752,-72.0662,55.4,82,40,3.44
226,Provideniya,RU,2021-03-29 01:30:45,64.3833,-173.3,18.12,90,100,21.77
227,Swiebodzice,PL,2021-03-29 01:35:43,50.8598,16.3282,43.0,66,100,8.12
228,Mazagao,BR,2021-03-29 01:27:11,-0.115,-51.2894,82.4,100,75,3.44
229,San Rafael Del Sur,NI,2021-03-29 01:32:43,11.8485,-86.4384,86.0,42,20,11.5
230,Galle,LK,2021-03-29 01:35:43,6.0367,80.217,77.18,80,15,5.03
231,The Valley,AI,2021-03-29 01:26:26,18.217,-63.0578,78.8,78,75,13.8
232,Belaya Gora,RU,2021-03-29 01:29:55,68.5333,146.4167,6.82,86,52,4.05
233,Kieta,PG,2021-03-29 01:35:43,-6.2167,155.6333,85.62,65,100,4.38
234,Avarua,CK,2021-03-29 01:34:27,-21.2078,-159.775,82.4,83,75,13.8
235,Henties Bay,NA,2021-03-29 01:35:44,-22.116,14.2845,60.01,91,0,3.0
236,Krasnoselkup,RU,2021-03-29 01:31:18,65.7,82.4667,-3.77,97,26,10.76
237,Lorengau,PG,2021-03-29 01:35:44,-2.0226,147.2712,85.98,68,99,9.8
238,Mikkeli,FI,2021-03-29 01:35:44,61.6886,27.2723,32.0,86,0,6.91
239,Kuusamo,FI,2021-03-29 01:35:45,65.9667,29.1833,37.4,81,75,8.05
240,Ferme-Neuve,CA,2021-03-29 01:35:45,46.7001,-75.4493,42.8,87,99,18.41
241,Shieli,KZ,2021-03-29 01:26:52,44.1667,66.75,40.12,72,100,5.06
242,Lagoa,PT,2021-03-29 01:34:37,39.05,-27.9833,59.47,82,100,17.9
243,Cuamba,MZ,2021-03-29 01:35:45,-14.8031,36.5372,67.66,93,100,3.44
244,Guilin,CN,2021-03-29 01:35:46,25.2819,110.2864,75.2,83,75,6.71
245,Cabedelo,BR,2021-03-29 01:25:26,-6.9811,-34.8339,77.0,100,40,2.3
246,Tagusao,PH,2021-03-29 01:31:38,9.1924,117.8141,84.2,70,98,7.7
247,Yar-Sale,RU,2021-03-29 01:35:46,66.8333,70.8333,-17.7,99,31,7.45
248,Brae,GB,2021-03-29 01:35:47,60.3964,-1.353,46.4,93,20,23.02
249,Sayyan,YE,2021-03-29 01:31:04,15.1718,44.3244,50.97,40,1,2.35
250,Naze,JP,2021-03-29 01:29:52,28.3667,129.4833,71.6,78,20,9.22
251,Qasigiannguit,GL,2021-03-29 01:34:49,68.8193,-51.1922,-11.2,44,16,2.3
252,Trinidad,BO,2021-03-29 01:33:26,-14.8333,-64.9,71.15,91,75,3.38
253,Pisco,PE,2021-03-29 01:35:47,-13.7,-76.2167,69.8,73,0,18.41
254,Buchanan,LR,2021-03-29 01:35:47,5.8808,-10.0467,77.0,94,75,1.07
255,Aleksinac,RS,2021-03-29 01:35:48,43.5417,21.7078,43.0,61,0,1.14
256,Si Chiang Mai,TH,2021-03-29 01:35:48,17.9564,102.5867,84.99,89,40,2.3
257,Codrington,AU,2021-03-29 01:35:48,-38.2667,141.9667,64.4,56,10,8.93
258,Sao Jose Da Coroa Grande,BR,2021-03-29 01:30:47,-8.8978,-35.1478,78.24,82,97,5.03
259,Susanville,US,2021-03-29 01:35:49,40.4163,-120.653,64.4,19,1,17.27
260,Trairi,BR,2021-03-29 01:35:49,-3.2778,-39.2689,74.95,88,6,1.66
261,Marsaxlokk,MT,2021-03-29 01:33:21,35.8419,14.5431,57.0,100,75,9.22
262,Konakovo,RU,2021-03-29 01:35:49,56.7,36.7667,26.46,97,24,3.02
263,Demba,CD,2021-03-29 01:35:50,-5.51,22.2667,68.13,91,100,1.3
264,Marawi,PH,2021-03-29 01:30:24,7.9986,124.2928,81.0,84,87,5.99
265,Cap Malheureux,MU,2021-03-29 01:26:31,-19.9842,57.6142,75.99,83,8,4.63
266,Saint-Augustin,CA,2021-03-29 01:30:08,51.226,-58.6502,4.51,94,73,0.65
267,Oulu,FI,2021-03-29 01:35:50,65.0124,25.4682,35.6,80,75,12.66
268,Constitucion,CL,2021-03-29 01:26:44,-35.3333,-72.4167,56.53,69,0,1.74
269,Bezhetsk,RU,2021-03-29 01:35:51,57.7851,36.6965,24.64,95,14,6.06
270,High Level,CA,2021-03-29 01:35:51,58.5169,-117.136,17.6,93,90,23.02
271,Vizinga,RU,2021-03-29 01:35:51,61.0749,50.1031,24.17,97,100,4.9
272,Victor Harbor,AU,2021-03-29 01:35:52,-35.5667,138.6167,66.99,70,0,5.41
273,Mabaruma,GY,2021-03-29 01:35:52,8.2,-59.7833,72.97,98,80,4.99
274,Lebu,CL,2021-03-29 01:35:52,-37.6167,-73.65,55.81,92,23,9.84
275,Hambantota,LK,2021-03-29 01:33:16,6.1241,81.1185,75.2,100,75,1.14
276,Nome,US,2021-03-29 01:35:52,64.5011,-165.4064,23.0,86,90,21.85
277,Bandarbeyla,SO,2021-03-29 01:35:53,9.4942,50.8122,75.45,74,51,2.93
278,Lavrentiya,RU,2021-03-29 01:30:09,65.5833,-171.0,14.95,90,100,20.04
279,Aswan,EG,2021-03-29 01:35:53,24.0934,32.907,59.02,36,0,13.96
280,Labuhan,ID,2021-03-29 01:27:03,-6.8844,112.2051,80.78,79,94,4.83
281,Shunyi,CN,2021-03-29 01:35:54,40.125,116.6453,61.0,11,0,11.18
282,Mogwase,ZA,2021-03-29 01:35:54,-25.185,27.2665,59.92,76,0,2.73
283,Nisia Floresta,BR,2021-03-29 01:35:54,-6.0911,-35.2086,78.8,89,40,2.3
284,Waingapu,ID,2021-03-29 01:30:23,-9.6567,120.2641,84.6,73,100,10.58
285,Carutapera,BR,2021-03-29 01:31:53,-1.195,-46.02,75.29,94,67,5.37
286,Belyy Yar,RU,2021-03-29 01:31:42,53.6039,91.3903,28.4,100,100,2.24
287,Acapulco,MX,2021-03-29 01:22:37,16.8634,-99.8901,80.6,74,20,6.91
288,Poronaysk,RU,2021-03-29 01:35:55,49.2167,143.1167,32.04,99,100,8.39
289,Atikokan,CA,2021-03-29 01:35:55,48.7555,-91.6216,21.58,90,19,2.84
290,Dourbali,TD,2021-03-29 01:33:05,11.8091,15.8632,76.78,13,5,17.0
291,Wawa,NG,2021-03-29 01:35:55,9.9022,4.4192,79.41,24,1,4.05
292,Luderitz,NA,2021-03-29 01:35:56,-26.6481,15.1594,60.37,86,0,4.41
293,Bhainsa,IN,2021-03-29 01:35:56,26.9548,76.9012,82.36,14,67,6.08
294,Tairua,NZ,2021-03-29 01:35:56,-37.0167,175.85,69.01,92,74,4.0
295,Mvuma,ZW,2021-03-29 01:35:56,-19.2792,30.5283,59.29,83,96,11.18
296,Jimeta,NG,2021-03-29 01:35:57,9.2833,12.4667,78.58,20,10,2.39
297,Adrar,MR,2021-03-29 01:30:00,20.5022,-10.0711,77.99,8,78,10.42
298,Tucuman,AR,2021-03-29 01:31:04,-26.8241,-65.2226,69.8,78,0,4.61
299,Ucluelet,CA,2021-03-29 01:33:42,48.9329,-125.5528,46.0,61,20,20.71
300,Eyl,SO,2021-03-29 01:35:57,7.9803,49.8164,74.97,83,82,6.91
301,Gazanjyk,TM,2021-03-29 01:32:07,39.2446,55.5154,42.42,76,1,0.65
302,Madimba,TZ,2021-03-29 01:35:58,-10.4,40.3333,75.47,86,97,4.0
303,Mao,ES,2021-03-29 01:30:28,39.8885,4.2658,51.8,93,0,6.91
304,Sao Filipe,CV,2021-03-29 01:35:58,14.8961,-24.4956,68.97,73,16,14.56
305,Svetlogorsk,BY,2021-03-29 01:27:12,52.6333,29.7333,38.57,93,100,9.93
306,Kargopol,RU,2021-03-29 01:35:58,61.5071,38.9456,26.19,96,79,7.54
307,Bontang,ID,2021-03-29 01:35:59,0.1333,117.5,81.21,82,99,1.88
308,Tiksi,RU,2021-03-29 01:34:54,71.6872,128.8694,7.5,89,99,0.74
309,Sakakah,SA,2021-03-29 01:31:16,29.9697,40.2064,48.2,27,0,5.82
310,Tam Ky,VN,2021-03-29 01:35:59,15.5667,108.4833,80.6,83,20,3.44
311,Talisay,PH,2021-03-29 01:36:00,10.2447,123.8494,86.0,74,75,5.75
312,Santa Barbara,US,2021-03-29 01:35:46,34.7333,-120.0343,68.0,45,1,10.36
313,Ongandjera,NA,2021-03-29 01:36:00,-17.8833,15.0667,73.58,54,22,6.46
314,Geraldton,AU,2021-03-29 01:36:00,-28.7667,114.6,82.4,36,0,5.75
315,Roald,NO,2021-03-29 01:36:00,62.5833,6.1333,44.6,57,75,8.05
316,Sri Aman,MY,2021-03-29 01:36:01,1.2376,111.4621,80.6,94,20,2.04
317,Wuwei,CN,2021-03-29 01:36:01,37.9281,102.6414,52.7,31,100,5.5
318,Korla,CN,2021-03-29 01:36:01,41.7597,86.1469,58.19,37,100,13.04
319,Kitimat,CA,2021-03-29 01:36:02,54.0524,-128.6534,41.0,52,75,11.5
320,Itarema,BR,2021-03-29 01:21:53,-2.9248,-39.9167,76.53,85,6,4.81
321,Pattaya,TH,2021-03-29 01:36:02,12.9333,100.8833,90.0,60,68,11.27
322,Mokrousovo,RU,2021-03-29 01:36:02,55.8103,66.7653,20.68,95,36,9.17
323,Collie,AU,2021-03-29 01:36:03,-33.3667,116.15,86.83,22,4,4.25
324,Maceio,BR,2021-03-29 01:36:03,-9.6658,-35.7353,75.2,94,75,4.61
325,Baherden,TM,2021-03-29 01:26:21,38.4362,57.4316,44.01,68,5,3.33
326,Altay,CN,2021-03-29 01:36:03,47.8667,88.1167,37.56,96,100,0.69
327,Batsfjord,NO,2021-03-29 01:26:48,70.6345,29.7185,28.99,89,87,14.34
328,Eston,CA,2021-03-29 01:36:04,51.1501,-108.7514,55.4,38,90,18.41
329,Sioux Lookout,CA,2021-03-29 01:26:53,50.1001,-91.917,26.6,43,40,3.44
330,Coquimbo,CL,2021-03-29 01:33:18,-29.9533,-71.3436,57.2,82,0,4.61
331,Caravelas,BR,2021-03-29 01:26:38,-17.7125,-39.2481,76.57,81,0,6.38
332,Dingle,PH,2021-03-29 01:36:04,10.9995,122.6711,85.33,65,100,11.83
333,Kaitangata,NZ,2021-03-29 01:36:05,-46.2817,169.8464,71.01,62,9,4.0
334,Ilulissat,GL,2021-03-29 01:36:05,69.2167,-51.1,-11.2,44,15,2.3
335,Tanete,ID,2021-03-29 01:36:05,-3.9443,119.7848,78.93,84,100,0.49
336,Bella Vista,US,2021-03-29 01:36:06,36.4295,-94.2316,53.6,40,1,3.44
337,Klaksvik,FO,2021-03-29 01:26:57,62.2266,-6.589,41.0,87,75,13.8
338,Canton,CN,2021-03-29 01:34:18,23.1167,113.25,84.0,78,90,6.71
339,Tuatapere,NZ,2021-03-29 01:36:06,-46.1333,167.6833,60.01,91,47,10.0
340,Elur,IN,2021-03-29 01:35:05,10.0667,76.2833,75.2,100,75,3.6
341,Sitka,US,2021-03-29 01:36:06,57.0531,-135.33,39.2,45,40,11.5
342,Skjervoy,NO,2021-03-29 01:36:07,70.0311,20.9714,35.29,77,18,12.57
343,Egvekinot,RU,2021-03-29 01:36:07,66.3167,-179.1667,7.92,86,100,12.93
344,Dawei,MM,2021-03-29 01:36:07,14.0833,98.2,86.45,63,80,1.77
345,Sibu,MY,2021-03-29 01:36:08,2.3,111.8167,80.6,89,20,3.44
346,Neryungri,RU,2021-03-29 01:31:00,56.6709,124.6491,23.25,91,100,6.35
347,Port Hedland,AU,2021-03-29 01:36:08,-20.3167,118.5667,93.2,40,63,12.66
348,Sfantu Gheorghe,RO,2021-03-29 01:22:25,45.8667,25.7833,36.0,79,100,4.72
349,Half Moon Bay,US,2021-03-29 01:36:08,37.4636,-122.4286,73.4,93,90,10.36
350,Celestun,MX,2021-03-29 01:31:36,20.8667,-90.4,78.96,79,6,19.86
351,Okhotsk,RU,2021-03-29 01:32:41,59.3833,143.3,21.15,75,25,9.66
352,Ketchikan,US,2021-03-29 01:32:58,55.3422,-131.6461,42.8,56,20,10.36
353,Xining,CN,2021-03-29 01:36:09,36.6167,101.7667,44.35,36,100,3.11
354,Narsaq,GL,2021-03-29 01:36:09,60.9167,-46.05,19.4,49,1,3.44
355,Gat,IL,2021-03-29 01:36:09,31.61,34.7642,50.0,100,1,1.01
356,Padang,ID,2021-03-29 01:24:08,-0.9492,100.3543,77.0,94,20,3.44
357,Broken Hill,AU,2021-03-29 01:36:10,-31.95,141.4333,69.8,40,4,8.05
358,Kurilsk,RU,2021-03-29 01:29:31,45.2333,147.8833,38.62,93,100,22.1
359,Crib Point,AU,2021-03-29 01:36:10,-38.35,145.2,64.99,58,33,11.79
360,Nagua,DO,2021-03-29 01:36:10,19.3832,-69.8474,72.0,85,4,10.4
361,Ziarat,PK,2021-03-29 01:36:11,30.3823,67.7282,53.69,26,94,5.44
362,Sabha,LY,2021-03-29 01:32:27,27.0377,14.4283,56.1,25,39,9.75
363,Mildura,AU,2021-03-29 01:36:11,-34.2,142.15,73.99,43,0,6.91
364,Sorland,NO,2021-03-29 01:36:11,67.667,12.6934,39.2,96,100,31.29
365,Williston,US,2021-03-29 01:31:33,48.147,-103.618,57.99,39,99,1.99
366,Cascais,PT,2021-03-29 01:36:12,38.6979,-9.4215,63.0,56,100,4.0
367,Vieques,PR,2021-03-29 01:36:12,18.425,-65.8329,78.8,73,40,16.11
368,Alma,CA,2021-03-29 01:36:12,48.5501,-71.6491,32.0,100,100,17.27
369,Terrace,CA,2021-03-29 01:36:12,54.5163,-128.6035,41.0,52,75,11.5
370,Cayenne,GF,2021-03-29 01:36:13,4.9333,-52.3333,81.0,78,90,9.22
371,Leningradskiy,RU,2021-03-29 01:36:13,69.3833,178.4167,0.21,90,100,4.54
372,Filadelfia,US,2021-03-29 01:32:22,39.9523,-75.1638,57.2,82,90,10.36
373,Takoradi,GH,2021-03-29 01:34:40,4.8845,-1.7554,79.0,88,87,6.51
374,Wanning,CN,2021-03-29 01:29:56,18.8003,110.3967,79.92,75,41,12.73
375,Candolim,IN,2021-03-29 01:36:13,15.5181,73.7626,82.4,94,40,4.61
376,Utica,US,2021-03-29 01:36:14,43.1009,-75.2327,46.4,87,90,8.05
377,Lac Du Bonnet,CA,2021-03-29 01:36:14,50.2536,-96.0612,37.99,85,100,8.01
378,Glenwood Springs,US,2021-03-29 01:36:14,39.5505,-107.3248,57.2,64,0,12.66
379,Kruisfontein,ZA,2021-03-29 01:34:36,-34.0033,24.7314,62.01,79,100,4.0
380,Carnarvon,AU,2021-03-29 01:26:28,-24.8667,113.6333,84.2,65,0,6.91
381,Kroya,ID,2021-03-29 01:36:15,-7.6331,109.2461,83.66,72,84,4.23
382,Beloha,MG,2021-03-29 01:33:55,-25.1667,45.05,68.18,90,2,2.89
383,Lukhovka,RU,2021-03-29 01:36:15,54.1484,45.2573,23.49,91,96,8.41
384,Airai,TL,2021-03-29 01:34:51,-8.9266,125.4092,62.04,96,100,2.55
385,Shar,KZ,2021-03-29 01:32:55,49.5886,81.0453,30.65,95,100,5.91
386,Letterkenny,IE,2021-03-29 01:36:16,54.95,-7.7333,53.94,91,100,19.17
387,Luanda,AO,2021-03-29 01:36:16,-8.8368,13.2343,80.6,83,75,6.91
388,Churapcha,RU,2021-03-29 01:36:16,62.0025,132.4325,24.78,82,100,4.99
389,Grootfontein,NA,2021-03-29 01:35:46,-19.5667,18.1167,62.6,88,11,4.61
390,Mount Isa,AU,2021-03-29 01:26:22,-20.7333,139.5,87.8,20,2,18.41
391,Ometepec,MX,2021-03-29 01:35:25,16.6833,-98.4167,73.09,63,0,1.99
392,Pedernales,DO,2021-03-29 01:36:17,18.0384,-71.744,78.98,67,1,7.34
393,Naziya,RU,2021-03-29 01:36:17,59.8,31.3833,36.0,70,68,5.1
394,Nanning,CN,2021-03-29 01:36:17,22.8167,108.3167,77.0,83,20,4.47
395,North Platte,US,2021-03-29 01:36:18,41.1239,-100.7654,61.0,31,1,6.91
396,Bacolod,PH,2021-03-29 01:32:49,10.6667,122.95,86.49,60,100,9.69
397,Mahanoro,MG,2021-03-29 01:32:17,-19.9,48.8,74.3,89,1,4.14
398,Castro,BR,2021-03-29 01:36:18,-24.7911,-50.0119,62.73,94,32,4.23
399,Tumaco,CO,2021-03-29 01:36:18,1.7986,-78.8156,76.6,87,64,0.27
400,Isabela,PH,2021-03-29 01:36:19,6.7085,121.9711,86.0,79,75,4.61
401,Alice Springs,AU,2021-03-29 01:31:49,-23.7,133.8833,77.0,33,0,14.97
402,Ostrovnoy,RU,2021-03-29 01:29:26,68.0531,39.5131,35.71,98,94,12.26
403,Juegang,CN,2021-03-29 01:36:19,32.3174,121.1855,68.0,68,0,1.99
404,Rawson,AR,2021-03-29 01:36:19,-43.3002,-65.1023,59.92,86,24,14.25
405,Ilhabela,BR,2021-03-29 01:31:12,-23.7781,-45.3581,77.5,84,93,4.59
406,Abalak,RU,2021-03-29 01:36:20,58.1286,68.5944,14.72,92,98,5.19
407,Birjand,IR,2021-03-29 01:36:20,32.8663,59.2211,41.0,36,0,4.61
408,Saryozek,KZ,2021-03-29 01:36:20,44.3583,77.9753,40.69,84,100,4.38
409,Sinnamary,GF,2021-03-29 01:29:48,5.3833,-52.95,77.85,84,97,12.93
410,Okato,NZ,2021-03-29 01:36:21,-39.2,173.8833,66.99,94,31,10.0
411,Mehamn,NO,2021-03-29 01:36:21,71.0357,27.8492,25.83,84,95,9.55
412,Karaton,ID,2021-03-29 01:36:21,-6.3424,106.1045,87.01,79,20,4.61
413,Koratagere,IN,2021-03-29 01:36:22,13.5228,77.2331,68.0,77,40,2.3
414,Christchurch,NZ,2021-03-29 01:30:22,-43.5333,172.6333,82.0,29,0,12.66
415,Danbury,US,2021-03-29 01:32:47,41.3948,-73.454,55.0,94,100,4.0
416,Saint-Francois,FR,2021-03-29 01:36:22,46.4154,3.9054,35.01,93,0,2.3
417,Rudersdorf,AT,2021-03-29 01:36:22,47.0404,16.1373,41.0,100,0,1.14
418,Acajutla,SV,2021-03-29 01:36:23,13.5928,-89.8275,80.33,71,1,7.78
419,Karia,NG,2021-03-29 01:36:23,11.7306,11.1629,69.66,27,0,9.86
420,Aripuana,BR,2021-03-29 01:31:20,-9.1667,-60.6333,71.69,98,56,1.28
421,Taiyuan,CN,2021-03-29 01:36:23,37.8694,112.5603,53.6,37,0,4.47
422,Clarence Town,AU,2021-03-29 01:36:24,-32.5833,151.7833,73.99,73,75,8.05
423,Yashkul,RU,2021-03-29 01:36:24,46.1711,45.3435,35.65,85,77,7.29
424,Gravdal,NO,2021-03-29 01:36:24,68.1214,13.5031,37.47,97,100,21.47
425,Banjar,ID,2021-03-29 01:34:26,-8.19,114.9675,80.6,89,20,2.3
426,Havre-Saint-Pierre,CA,2021-03-29 01:36:25,50.2334,-63.5986,26.6,80,90,12.66
427,Inongo,CD,2021-03-29 01:36:25,-1.95,18.2667,72.75,89,94,3.76
428,Yarim,YE,2021-03-29 01:36:25,14.298,44.3779,49.41,63,2,3.38
429,Westport,US,2021-03-29 01:23:40,41.1415,-73.3579,55.99,98,100,1.01
430,Leshukonskoye,RU,2021-03-29 01:36:25,64.8989,45.7622,32.99,95,100,7.9
431,Aykhal,RU,2021-03-29 01:27:02,66.0,111.5,18.09,97,100,6.44
432,Awbari,LY,2021-03-29 01:34:09,26.5921,12.7805,55.24,27,4,8.03
433,Roros,NO,2021-03-29 01:36:26,62.5747,11.3842,24.8,86,75,3.44
434,Faya,SA,2021-03-29 01:36:26,18.3851,42.4509,59.0,54,2,5.75
435,Bathsheba,BB,2021-03-29 01:34:09,13.2167,-59.5167,78.8,69,40,19.57
436,Verkhoyansk,RU,2021-03-29 01:36:27,67.5447,133.385,10.65,86,99,4.68
437,Bushenyi,UG,2021-03-29 01:36:27,-0.5853,30.2114,60.84,95,99,1.25
438,Pangnirtung,CA,2021-03-29 01:36:27,66.1451,-65.7125,1.67,85,100,4.79
439,Sorokino,RU,2021-03-29 01:36:27,53.75,84.9167,33.55,97,100,13.44
440,Saint-Pierre,RE,2021-03-29 01:36:28,-21.3393,55.4781,77.0,73,0,8.05
441,Pelym,RU,2021-03-29 01:36:28,61.0108,61.9978,18.43,96,97,3.47
442,Sungaipenuh,ID,2021-03-29 01:34:15,-2.0833,101.3833,68.22,93,100,0.78
443,Pordim,BG,2021-03-29 01:36:28,43.3833,24.85,46.4,66,75,6.91
444,Gondanglegi,ID,2021-03-29 01:36:29,-7.7479,112.0132,84.09,72,72,9.71
445,Kurumkan,RU,2021-03-29 01:36:29,54.3,110.3,21.24,84,75,2.62
446,Ixtapa,MX,2021-03-29 01:31:08,20.7,-105.2,72.0,83,75,8.05
447,Sao Felix Do Xingu,BR,2021-03-29 01:27:06,-6.6447,-51.995,72.34,92,48,1.95
448,Kennett,US,2021-03-29 01:36:29,36.2362,-90.0556,55.4,33,1,6.04
449,Alamos,MX,2021-03-29 01:36:30,27.0167,-108.9333,69.01,61,5,3.0
450,Bretigny-Sur-Orge,FR,2021-03-29 01:36:30,48.6114,2.3059,48.2,61,0,8.05
451,Anadyr,RU,2021-03-29 01:36:30,64.75,177.4833,12.2,85,40,22.37
452,Innisfail,AU,2021-03-29 01:36:31,-17.5333,146.0333,79.0,58,100,8.01
453,Jumla,NP,2021-03-29 01:26:45,29.2747,82.1838,46.85,60,100,3.13
454,Senador Guiomard,BR,2021-03-29 01:36:31,-10.1522,-67.7392,75.2,100,75,2.3
455,Chiredzi,ZW,2021-03-29 01:36:31,-21.05,31.6667,61.45,94,0,3.24
456,Iqaluit,CA,2021-03-29 01:32:06,63.7506,-68.5145,12.2,79,90,6.91
457,Road Town,VG,2021-03-29 01:36:32,18.4167,-64.6167,78.01,83,40,12.66
458,Hofn,IS,2021-03-29 01:36:32,64.2539,-15.2082,26.98,61,4,7.76
459,Biak,ID,2021-03-29 01:27:04,-0.9131,122.8766,79.18,82,100,2.77
460,Satipo,PE,2021-03-29 01:36:32,-11.2522,-74.6386,69.28,97,100,2.01
461,Alofi,NU,2021-03-29 01:36:33,-19.0595,-169.9187,86.0,70,15,14.97
462,Lahij,YE,2021-03-29 01:36:33,13.1667,44.5833,69.58,50,33,1.34
463,Flinders,AU,2021-03-29 01:26:54,-34.5833,150.8552,75.99,50,0,1.01
464,Voh,NC,2021-03-29 01:36:33,-20.9667,164.7,88.18,56,18,11.16
465,Liuli,TZ,2021-03-29 01:36:33,-11.0833,34.6333,74.82,82,100,7.67
466,Lyndon,US,2021-03-29 01:36:34,38.2567,-85.6016,48.0,42,1,4.61
467,Mayya,RU,2021-03-29 01:36:34,61.7333,130.2811,5.0,85,40,2.44
468,Nanortalik,GL,2021-03-29 01:36:34,60.1432,-45.2371,20.91,69,0,19.57
469,Salina Cruz,MX,2021-03-29 01:36:35,16.1667,-95.2,80.73,68,0,3.15
470,Doka,SD,2021-03-29 01:36:35,13.5167,35.7667,80.56,36,51,4.0
471,Kedainiai,LT,2021-03-29 01:34:15,55.2883,23.9747,32.0,86,0,5.75
472,Port Hardy,CA,2021-03-29 01:36:35,50.6996,-127.4199,39.2,81,75,14.97
473,Colesberg,ZA,2021-03-29 01:33:24,-30.72,25.0972,60.28,43,83,3.36
474,Biltine,TD,2021-03-29 01:36:36,14.5333,20.9167,72.0,9,0,17.74
475,Shubarkuduk,KZ,2021-03-29 01:32:38,49.1447,56.4872,27.88,97,100,9.4
476,Laguna,US,2021-03-29 01:34:20,38.421,-121.4238,79.0,21,1,4.61
477,Jackson,US,2021-03-29 01:36:36,42.4165,-122.8345,69.8,21,1,18.41
478,Florianopolis,BR,2021-03-29 01:36:36,-27.6146,-48.5012,80.01,83,40,9.22
479,Makakilo City,US,2021-03-29 01:36:37,21.3469,-158.0858,80.6,54,40,10.36
480,Upata,VE,2021-03-29 01:35:14,8.0086,-62.3989,75.99,95,28,3.0
481,Hirara,JP,2021-03-29 01:36:37,24.8,125.2833,78.8,89,75,9.22
482,Puerto Maldonado,PE,2021-03-29 01:36:37,-12.6,-69.1833,69.55,99,100,2.06
483,Kuytun,RU,2021-03-29 01:36:38,54.3419,101.5036,28.78,89,100,2.75
484,Sobolevo,RU,2021-03-29 01:30:39,54.4299,31.8996,35.1,95,100,6.55
485,Whitehorse,CA,2021-03-29 01:26:56,60.7161,-135.0538,23.0,25,20,10.36
486,Litovko,RU,2021-03-29 01:32:19,49.2361,135.1742,36.59,87,100,16.78
487,Kirakira,SB,2021-03-29 01:30:49,-10.4544,161.9205,85.59,70,89,7.99
488,Concepcion,CL,2021-03-29 01:32:09,-36.827,-73.0498,55.4,88,0,5.75
489,Morki,RU,2021-03-29 01:36:38,56.4303,48.9947,19.47,96,6,3.31
490,Tupik,RU,2021-03-29 01:36:39,54.4253,119.9327,28.0,77,30,6.4
491,Novozybkov,RU,2021-03-29 01:36:39,52.5396,31.9275,45.0,100,90,6.71
492,Loei,TH,2021-03-29 01:36:39,17.4167,101.5,82.99,83,16,2.3
493,Hami,CN,2021-03-29 01:36:39,42.8,93.45,62.11,24,100,16.6
494,Cockburn Town,TC,2021-03-29 01:36:40,21.4612,-71.1419,77.4,79,0,23.02
495,Touros,BR,2021-03-29 01:30:52,-5.1989,-35.4608,77.0,94,40,2.3
496,Nioro,GM,2021-03-29 01:27:03,13.35,-15.75,75.0,36,0,7.38
497,Yenagoa,NG,2021-03-29 01:31:37,4.9247,6.2642,76.8,89,4,3.27
498,Dire,ML,2021-03-29 01:36:40,12.2833,-10.9667,85.06,11,43,4.34
499,Mount Gambier,AU,2021-03-29 01:36:41,-37.8333,140.7667,64.4,72,90,8.05
500,Kirkenaer,NO,2021-03-29 01:36:41,60.4564,12.0582,41.0,93,90,6.91
501,Plettenberg Bay,ZA,2021-03-29 01:36:41,-34.0527,23.3716,63.37,72,100,5.68
502,Talcahuano,CL,2021-03-29 01:36:41,-36.7167,-73.1167,55.4,88,0,5.75
503,Asyut,EG,2021-03-29 01:36:42,27.181,31.1837,53.6,62,0,13.8
504,Anqing,CN,2021-03-29 01:36:42,30.5092,117.0506,72.0,52,0,2.51
505,Sola,VU,2021-03-29 01:27:06,-13.8833,167.55,84.2,84,75,15.86
506,Kungurtug,RU,2021-03-29 01:36:43,50.5994,97.5228,27.14,83,100,0.72
507,Acarau,BR,2021-03-29 01:36:43,-2.8856,-40.12,76.73,85,11,5.12
508,Nanga Eboko,CM,2021-03-29 01:36:43,4.6833,12.3667,71.58,79,88,2.26
509,Kaeo,NZ,2021-03-29 01:36:43,-35.1,173.7833,75.99,84,41,8.01
510,Sandwick,GB,2021-03-29 01:36:44,60.0,-1.25,46.4,93,20,23.02
511,Johvi,EE,2021-03-29 01:36:44,59.3592,27.4211,31.84,90,3,9.71
512,Chipinge,ZW,2021-03-29 01:36:44,-20.1883,32.6236,57.6,97,63,4.34
513,Guerrero Negro,MX,2021-03-29 01:32:51,27.9769,-114.0611,70.18,44,18,8.79
514,Marzuq,YE,2021-03-29 01:29:36,14.4,46.4667,63.88,22,0,4.27
515,Kudahuvadhoo,MV,2021-03-29 01:30:38,2.6708,72.8944,80.37,83,100,20.8
516,Lafayette,US,2021-03-29 01:36:45,30.2335,-92.0668,57.0,70,100,3.0
517,Eregli,TR,2021-03-29 01:36:45,37.5133,34.0467,34.3,65,0,2.01
518,Tubarao,BR,2021-03-29 01:36:45,-28.4667,-49.0069,69.04,99,16,1.72
519,Xihe,CN,2021-03-29 01:36:46,31.6864,113.4659,68.13,60,86,3.85
520,Walvis Bay,NA,2021-03-29 01:34:51,-22.9575,14.5053,60.01,100,0,6.91
521,Santa Rosa,PH,2021-03-29 01:32:33,14.3122,121.1114,88.0,62,20,5.75
522,Lethem,GY,2021-03-29 01:36:46,3.3803,-59.7968,78.62,77,92,10.2
523,Outjo,NA,2021-03-29 01:36:46,-20.1167,16.15,66.58,50,5,5.61
524,San Ramon De La Nueva Oran,AR,2021-03-29 01:36:47,-23.1322,-64.326,66.0,89,100,0.34
525,Pozo Colorado,PY,2021-03-29 01:36:47,-23.4923,-58.7972,66.6,84,100,4.76
526,Saint-Georges,GD,2021-03-29 01:36:47,12.0564,-61.7485,80.6,78,75,21.85
527,Bhag,PK,2021-03-29 01:36:47,29.0415,67.8239,85.14,17,63,4.83
528,Uni,RU,2021-03-29 01:36:09,57.7535,51.4923,21.85,94,73,5.86
529,Kushmurun,KZ,2021-03-29 01:36:48,52.4503,64.6311,15.08,94,13,7.56
530,Gizo,SB,2021-03-29 01:31:32,-8.103,156.8419,85.06,67,100,5.19
531,Teya,RU,2021-03-29 01:36:48,60.3778,92.6267,25.38,93,100,2.86
532,Quebo,GW,2021-03-29 01:36:48,11.3333,-14.9333,70.23,82,0,3.58
533,Carupano,VE,2021-03-29 01:36:49,10.6678,-63.2585,75.04,90,7,9.4
534,Mantua,IT,2021-03-29 01:36:49,45.1667,10.7833,48.0,87,71,4.21
535,Ovre Ardal,NO,2021-03-29 01:36:49,61.3167,7.8,26.89,94,99,6.29
536,Simbahan,PH,2021-03-29 01:33:32,6.3032,120.5836,82.06,81,98,12.93
537,Talara,PE,2021-03-29 01:31:15,-4.5772,-81.2719,71.58,78,32,10.25
538,Oktyabrskiy,RU,2021-03-29 01:36:50,54.4815,53.471,11.25,98,63,2.42
539,Xingcheng,CN,2021-03-29 01:36:50,40.6167,120.7167,52.57,19,20,16.46
540,Oranjemund,NA,2021-03-29 01:27:57,-28.55,16.4333,59.54,85,0,1.43
541,Marsa Matruh,EG,2021-03-29 01:34:14,31.3525,27.2453,59.0,55,40,9.22
542,Lata,PT,2021-03-29 01:30:57,40.1629,-8.3327,55.99,69,100,1.01
543,Zalantun,CN,2021-03-29 01:36:50,48.0,122.7167,42.73,70,100,16.06
544,Tromso,NO,2021-03-29 01:33:15,69.6496,18.957,32.0,59,0,4.61
545,Port Blair,IN,2021-03-29 01:31:18,11.6667,92.75,83.97,69,100,5.28
546,Colares,PT,2021-03-29 01:36:51,38.7992,-9.4469,63.0,56,100,4.0
547,Matias Romero,MX,2021-03-29 01:36:51,16.8833,-95.0333,79.79,61,1,9.19
548,Asasa,ET,2021-03-29 01:36:52,7.1,39.2,52.61,56,47,2.66
549,Velizh,RU,2021-03-29 01:36:52,55.6056,31.1967,37.18,94,100,1.95
550,Coos Bay,US,2021-03-29 01:32:27,43.3665,-124.2179,48.0,93,90,19.57
551,Omboue,GA,2021-03-29 01:29:51,-1.5746,9.2618,73.76,92,100,4.7
552,Namatanai,PG,2021-03-29 01:36:52,-3.6667,152.4333,84.88,67,91,7.14
553,Gbarnga,LR,2021-03-29 01:36:53,6.9956,-9.4722,70.68,97,100,1.39
554,Prachuap Khiri Khan,TH,2021-03-29 01:36:53,12.2167,99.75,84.2,74,20,3.44
555,Honiara,SB,2021-03-29 01:36:53,-9.4333,159.95,88.72,59,11,6.44
556,Jalu,LY,2021-03-29 01:36:53,29.0331,21.5482,54.37,55,4,8.5
557,Sao Joao Da Barra,BR,2021-03-29 01:36:54,-21.6403,-41.0511,76.93,88,96,5.14
558,Bataipora,BR,2021-03-29 01:36:54,-22.2953,-53.2711,72.05,82,7,4.76
559,Miguel Hidalgo,MX,2021-03-29 01:32:20,19.4225,-99.2028,66.2,42,20,18.41
560,Russas,BR,2021-03-29 01:36:54,-4.9403,-37.9758,73.72,93,0,2.64
561,Nuuk,GL,2021-03-29 01:31:44,64.1835,-51.7216,8.6,61,16,6.91
562,Punta Cardon,VE,2021-03-29 01:36:55,11.6581,-70.215,77.77,80,97,27.56
563,Lecce,IT,2021-03-29 01:36:55,40.2167,18.1667,51.01,100,75,2.3
564,Vuktyl,RU,2021-03-29 01:36:55,63.8567,57.3094,23.86,98,99,3.11
565,Nicoya,CR,2021-03-29 01:26:58,10.1483,-85.452,82.4,47,0,18.41
566,Daru,PG,2021-03-29 01:33:30,-9.0763,143.2092,81.03,86,100,7.09
567,Mosetse,BW,2021-03-29 01:36:56,-20.75,26.65,62.98,77,11,14.56
568,Senanga,ZM,2021-03-29 01:36:56,-16.1167,23.2667,64.45,80,97,4.27
569,Luwuk,ID,2021-03-29 01:36:56,-0.9516,122.7875,83.84,74,100,1.12
570,Vestmanna,FO,2021-03-29 01:36:57,62.1564,-7.1664,41.0,87,75,13.8
571,Sharjah,AE,2021-03-29 01:35:45,25.3573,55.4033,71.6,78,0,9.22
572,Sarakhs,IR,2021-03-29 01:36:57,36.5449,61.1577,44.6,93,47,2.3
573,Maragogi,BR,2021-03-29 01:36:57,-9.0122,-35.2225,77.86,83,92,4.5
574,Sistranda,NO,2021-03-29 01:36:57,63.7256,8.834,41.0,81,40,8.05
575,Leninsk,RU,2021-03-29 01:36:58,48.7119,45.1994,28.4,86,0,6.71
576,Ondjiva,AO,2021-03-29 01:36:58,-17.0667,15.7333,65.98,73,3,5.35
577,Axim,GH,2021-03-29 01:31:59,4.8699,-2.2405,78.49,90,42,5.53
